{"cameraMode":{"drawMode":0,"name":"Shaded","section":"Shading Mode"},"sceneLighting":false,"audioPlay":false,"sceneViewState":{"showFog":true,"showMaterialUpdate":false,"showSkybox":true,"showFlares":true,"showImageEffects":true,"showParticleSystems":true},"in2DMode":false,"pivot":{"x":-0.6000000238418579,"y":3.7300000190734865,"z":9.569999694824219},"rotation":{"x":0.16571339964866639,"y":-0.24423494935035706,"z":0.04240184649825096,"w":0.9545105695724487},"size":2.8578836917877199,"orthographic":true}